Product Name,Product Price
"RD PLAST Wall Mount AC Brackets (RW 8547, White)",₹ 599.00
"V-GUARD 12 Amps Voltage Stabilizer For 1.5 Ton Air Conditioner (170 - 270 V, Latest IC Technology, VG 400, Grey)","₹ 1,692.00"
"Croma 4 in 1 Convertible 1.5 Ton 3 Star Inverter Split AC with Dust Filter (2024 Model, Copper Condenser, CRLA018IND283258)","₹ 29,490.00"
"Croma 1600 Watts Steam Iron (Overheat Safety, CRAH2053, Grey)",₹ 699.00
"Croma 4 in 1 Convertible 1 Ton 3 Star Inverter Split AC with Dust Filter (2024 Model, Copper Condenser, CRLA012IND283257)","₹ 27,490.00"
"BOSCH Washing Machine Cleaner (311925, White)",₹ 699.00
"Croma 6.5 kg 5 Star Semi Automatic Washing Machine with Spiral Pulsator (CRLW065SMF202351, Blue)","₹ 6,790.00"
"Croma 7.5 kg 5 Star Fully Automatic Top Load Washing Machine (CRLWMD702STL75, Fuzzy Control, Grey)","₹ 12,390.00"
"Croma 7 kg 5 Star Semi Automatic Washing Machine with Built-in Soak Function (CRLW070SMF248601, Burgandy)","₹ 7,990.00"
"Whirlpool FP 263D Protton Roy 235 Litres Frost Free Triple Door Refrigerator with 6th Sense ActiveFresh Technology (20807, Alpha Steel)","₹ 24,590.00"
"O GENERAL 1 Ton 3 Star Inverter Split AC (Copper Condenser, ASGG12CPAA-B)","₹ 38,990.00"
"Croma 7 kg 5 Star Fully Automatic Top Load Washing Machine (CRLW070FAF259601, Air Dry Function, Grey)","₹ 11,490.00"
VOLTAS Vectra 4 in 1 Convertible 1.3 Ton 3 Star Inverter Split AC with Anti Dust Filter (Copper Condenser),"₹ 29,490.00"
"Panasonic SU 7 in 1 Convertible 1.5 Ton 3 Star Inverter Split Smart AC with Anti Dust Filter (2024 Model, Copper Condenser, CS/CU-SU18YKYWT)","₹ 35,490.00"
"Whirlpool FP 343D Protton Roy 300 Litres Frost Free Triple Door Refrigerator with 6th Sense ActiveFresh Technology (20817, Alpha Steel)","₹ 30,800.00"
"CNS Cover for Front Load 7 to 9 kg Washing Machines (36 Microns Cotton Coated Lamination, 8908011073261, Grey)",₹ 330.00
"Yale Smart Locks (Power Bank Support, YLDRPB- BL, Black)","₹ 2,199.00"
"O GENERAL 1.5 Ton 3 Star Inverter Split AC (Copper Condenser, ASGG18CPAA-B)","₹ 49,990.00"
"wipro 9 Watts Electric Powered LED Bulb (Voice Assistant Supported, NS9400, White)",₹ 521.00
"Croma 6.5 kg 5 Star Fully Automatic Top Load Washing Machine (CRLWMD701STL65, Fuzzy Control, Grey)","₹ 10,990.00"
"Whirlpool 7 kg 5 Star Fully Automatic Top Load Washing Machine (Classic, 31616, 6th Sense Technology, Grey)","₹ 15,200.00"
"SAMSUNG 183 Litres 3 Star Single Door Refrigerator with Automatic Cooling Technology (RR20C1Y23S8/HL, Elegant Inox)","₹ 14,490.00"
"Croma 1100 Watts Dry Iron (Weilburger Dual Coat Soleplate, AV4415, White)",₹ 499.00
"Whirlpool Neofresh 235 Litres 2 Star Frost Free Double Door Refrigerator with Microblock Technology (22099, Grey)","₹ 21,390.00"
"VOLTAS Vectra 4 in 1 Convertible 1.5 Ton 3 Star Inverter Split AC with Anti Dust Filter (2023 Model, Copper Condenser)","₹ 32,990.00"
"DAIKIN Standard Plus 1.5 Ton 3 Star Inverter Split AC (Copper Condenser, Air Purification Filter, ATKL50UV)","₹ 35,490.00"
"Whirlpool 7.5 kg 5 Star Fully Automatic Top Load Washing Machine (Whitemagic Elite, 31370, Lint Filter, Grey)","₹ 16,225.00"
"White Westinghouse 7 kg 5 Star Fully Automatic Top Load Washing Machine (HDT7000S, Water Reserve Technology, Grey)","₹ 11,499.00"
"LG 8 kg 5 Star Inverter Fully Automatic Top Load Washing Machine (T80AJMB1Z.ABMQEIL, Stainless Steel Tub, Middle Black)","₹ 23,990.00"
"BAJAJ Pygmy Mini 110mm 3 Blade Rechargeable Personal Fan with 1800 mAh Battery (Silent Operation, Cerulean Blue)",₹ 950.00
"Croma 24 Wheel Trolley Stand for Washing  Machine and Refrigerator (CRSH24WWTA867601, Black)","₹ 1,349.00"
"Blue Star Y Series 5 in 1 Convertible 1.5 Ton 3 Star Inverter Split AC with Self Diagnosis (Copper Condenser, ID318YKU)","₹ 35,990.00"
"SAMSUNG 236 Litres 2 Star Frost Free Double Door Refrigerator with Deodorizer (RT28C3042S8/HL, Elegant Inox)","₹ 22,690.00"
"SAMSUNG 236 Litres 3 Star Frost Free Double Door Convertible Refrigerator with Digital Inverter Compressor with Display (RT28C3733S8/HL, Elegant Inox)","₹ 25,999.00"
"Croma 4 in 1 Convertible 1.5 Ton 3 Star Inverter Split AC with Dust Filter (2024 Model, Copper Condenser, CRLA018IND199454)","₹ 29,990.00"
"Croma 8 kg 5 Star Semi Automatic Washing Machine with Magic Filter (CRLW080SMF248602, Black)","₹ 8,990.00"
"LG 7 kg 5 Star Inverter Fully Automatic Top Load Washing Machine (T70SPSF2Z.ASFQEIL, Auto Balance System, Middle Free Silver)","₹ 19,990.00"
"Whirlpool 7.5 kg 5 Star Fully Automatic Top Load Washing Machine (StainWash Pro, 31631, In-built Heater, Grey)","₹ 17,539.00"
"Haier Clean Cool 7 in 1 Convertible 1.5 Ton 3 Star Triple Inverter Split AC with Antimicrobial Protection (2024 Model, Copper Condenser, HSU50C-TQS3BN-INV)","₹ 31,990.00"
"Haier 190 Litres 5 Star Direct Cool Single Door Refrigerator with Diamond Edge Freezing Technology (HRD-2105BIS-P, Inox Steel)","₹ 16,499.00"
"Godrej 5 in 1 Convertible 1 Ton 3 Star Inverter Split AC with Active Carbon Filter (Copper Condenser, SIC 12TTC3 WWA)","₹ 28,490.00"
"Croma 183 Litres 2 Star Direct Cool Single Door Refrigerator with Anti-Fungal Door Gasket (CRLR182DCC250509, Rosalind Wine)","₹ 10,990.00"
"LG 260 Litres 2 Star Frost Free Double Door Convertible Refrigerator with Multi Air Flow System (GL-S292RPZY.APZZEB, Shiny Steel)","₹ 28,190.00"
"Croma 6 Amps 5 Sockets Surge Protector With Individual Switch (2 Meters, 2 USB Port, CRCP1002, Blue)","₹ 1,099.00"
"Haier 190 Litres 3 Star Direct Cool Single Door Refrigerator with Diamond Edge Freezing Technology (HRD-2103CBS-P, Brushline Silver)","₹ 14,290.00"
"Midea 4 in 1 Convertible 1.5 Ton 3 Star Inverter Split AC with Auto Cleanser (2024 Model, Copper Condenser, MAI18SP3R34F0)","₹ 31,990.00"
VOLTAS Vectra 4 in 1 Convertible 1.5 Ton 5 Star Inverter Split AC with Anti Dust Filter (Copper Condenser),"₹ 39,990.00"
"V-GUARD 4 Amps Voltage Stabilizer For Up to 600 Litres Refrigerator + 1 Deep Freezer (135 - 280 V, Fail Safe Circuit Protection, VG 100, Grey)","₹ 2,115.00"
"BAJAJ Pygmy Mini 110mm 3 Blade Rechargeable Personal Fan with 1800 mAh Battery (Silent Operation, White Smoke)",₹ 980.00
"Blue Star Y 5 in 1 Convertible 1.5 Ton 5 Star Inverter Split Smart AC with Turbo Cool (2023 Model, Copper Condenser, IC518YNURS)","₹ 44,490.00"
"Midea Santis Pro Royal 4 in 1 Convertible 1.5 Ton 5 Star Inverter Split AC with Auto Cleanser (2024 Model, Copper Condenser, MAI18SR5R34W0)","₹ 36,990.00"
"LG 7.5 kg 5 Star Inverter Fully Automatic Top Load Washing Machine (T75SKSF1Z.ASFQEIL, TurboDrum, Middle Free Silver)","₹ 21,900.00"
"TOSHIBA 7.5 kg 5 Star Inverter Fully Automatic Front Load Washing Machine (TW-BJ85S2-IND(SK), In-Built Heater, Silver)","₹ 24,490.00"
"SAMSUNG 8 kg 5 Star Fully Automatic Top Load Washing Machine (WA80BG4545BVTL, Diamond Drum, Black Caviar)","₹ 25,000.00"
"BAJAJ Majesty 1000 Watt Dry Iron (German Coating Technology, MajestyDX6, White)",₹ 560.00
"DAIKIN Standard 1.5 Ton 5 Star Inverter Split AC (Copper Condenser, PM 2.5 Filter, ATKM50UV)","₹ 43,490.00"
"Whirlpool IMPRO 192 Litres 3 Star Direct Cool Single Door Refrigerator with Stabilizer Free Operation (215 IMPRO PRM, Steel)","₹ 14,190.00"
"BOSCH 9 kg 5 Star Fully Automatic Front Load Washing Machine (Series 8, WGA1420PIN, Anti Wrinkle Feature, Dark Lake)","₹ 42,990.00"
"Croma AZ35 35 Litres Personal Air Cooler with Anti-Bacterial Tank (Dust & Mosquito Filter, White)","₹ 6,499.00"
"Carrier Durawhite Pro+ Exi 6 in 1 Convertible 1.5 Ton 3 Star Inverter Split AC with Auto Cleanser (2024 Model, Copper Condenser, CAI18DR3R34F0)","₹ 34,990.00"
"Apple AirTag (Lost Mode, MX532ZM/A, White)","₹ 2,889.00"
"Crompton Surebreeze Hill Briz 1 Star 1200mm 3 Blade Copper Motor Ceiling Fan (Inverter Technology, Opal White)","₹ 1,452.00"
VOLTAS Vectra 4 in 1 Convertible 1.3 Ton 5 Star Inverter Split AC with Anti Dust Filter (Copper Condenser),"₹ 35,990.00"
"BAJAJ Flora 3 Litres Instant Water Geyser (3000 Watts, White)","₹ 3,050.00"
"Crompton Energion Hyperjet 5 Star 1200mm 3 Blade BLDC Motor Ceiling Fan with Remote (Inverter Technology, Ivory)","₹ 2,449.00"
"LG 9/5 kg 5 Star Fully Automatic Front Load Washer Dryer(FHD0905STB.ABLQEIL, In-built Heater, Black)","₹ 52,990.00"
"SAMSUNG 7 kg 5 Star Fully Automatic Top Load Washing Machine (WA70BG4441BYTL, Diamond Drum, Lavender Gray)","₹ 19,500.00"
"BOSCH 8 kg Fully Automatic Front Load Washing Machine (Series 6, WGA1320SIN, Auto Stain Removal, Silver)","₹ 38,990.00"
"Crompton Surebreeze Hill Briz 1 Star 1200mm 3 Blade Copper Motor Ceiling Fan (Inverter Technology, Brown)","₹ 1,458.00"
"LG 6 in 1 Convertible 1.5 Ton 3 Star Dual Inverter Split AC with Smart Diagnosis System (Copper Condenser, TSQ18MNXEAMLG)","₹ 36,490.00"
"GM 4 + 1 G-Power Outlet Spike Adaptor (3058, Grey)",₹ 624.00
"LG 260 Litres 2 Star Frost Free Double Door Refrigerator with Multi Air Flow System (GL-N292DDSY.ADSZEB, Dazzle Steel)","₹ 25,390.00"
"EUREKA FORBES Super Clean 800W Portable Vacuum Cleaner with Blower Function (Handy & Portable, Red)","₹ 2,799.00"
"PHILIPS 5000 Series 1900W Cordless Dry Vacuum Cleaner with PowerCyclone 7 Technology (TriActive Nozzle, Magic Purple)","₹ 11,999.00"
"EUREKA FORBES LVac Voice Pro Robotic Vacuum Cleaner & Mop with Wi-Fi Connectivity (Smart Voice Control, Black)","₹ 22,499.00"
"White Westinghouse 7.5 kg Semi Automatic Washer with Pulsator Washing Technique (WCS7500, Grey)","₹ 5,290.00"
"SAMSUNG 7 kg 5 Star Inverter Fully Automatic Front Load Washing Machine (WW70R22EK0X, Eco Bubble Technology, Inox Grey)","₹ 34,000.00"
"Croma 6 Amps 3 Way Multiplug (Built-in Surge Protection, CRSP3SPSPA264301, White)",₹ 179.00
"LG 288 Litres 2 Star Frost Free Double Door Convertible Refrigerator with Multi Air Flow (GL-S322SPZY.APZZEB, Shiny Steel)","₹ 31,990.00"
"LG 6 in 1 Convertible 1 Ton 3 Star Inverter Split AC with 2 Way Swing (2024 Model, Copper Condenser, TSQ12JNXE)","₹ 33,990.00"
"LG 9kg 5 Star Fully Automatic Front Load Washing Machine (FHV1409Z4M.ABMQEIL, LG ThinQ with Wi-Fi, Middle Black)","₹ 41,990.00"
"PHILIPS 1000 Watts Dry Iron (Light Indicator, HI114/28, White)","₹ 1,159.00"
"Qubo Smart Plug- 16 A Smart Plug (Alexa and Google Assistant Support, HSP10D1001, White)",₹ 684.00
"BOSCH 7 kg 5 Star Fully Automatic Front Load Washing Machine (Series 4, WGA12208IN, Anti Stain Program, Black)","₹ 37,000.00"
"Croma Bracket For Air Conditioner (Powder Coating Process, CRLTACBKAA286301, Grey)",₹ 699.00
"Croma Bladeless 540 m3/hr Air Delivery Tower Fan (Blade Free Design, White & Black)","₹ 3,494.00"
"morphy richards Super Glide 2000 Watt 300ml Steam Iron (Turbo Steam Burst, 500010, Blue)","₹ 2,199.00"
"Croma 236 Litres 2 Star Frost Free Double Door Refrigerator with Inverter Technology (CRLR236FIC276231, Shining Silver)","₹ 19,990.00"
"SAMSUNG 183 Litres 2 Star Direct Cool Single Door Refrigerator with Toughened Glass Shelves (RR20C2412GS/NL, Grey Silver)","₹ 14,190.00"
"LG 340 Litres 2 Star Frost Free Double Door Convertible Refrigerator with Multi Air Flow System (GL-S342SPZY, Shiny Steel)","₹ 35,990.00"
"SAMSUNG 8 kg 5 Star Inverter Fully Automatic Top Load Washing Machine (WA80BG4542BDTL, Diamond Drum, Dark Gray)","₹ 22,400.00"
"Xiaomi 1300 Watts 160ml Garment Steamer (Ceramic Soleplate, MJGTJ02LF, White)","₹ 2,299.00"
"DAIKIN Standard Plus 1 Ton 3 Star Inverter Split AC (Copper Condenser, Air Purification Filter, ATKL35UV)","₹ 32,990.00"
"Croma 6 Amps 3 Sockets Surge Protector With Individual Switch (2 Meters, Child Safety Shutter, CRCP1000, Blue)",₹ 899.00
"PHILIPS 1250 Watts 170ml Steam Iron (Non Stick Golden Soleplate, DST083020, Azure Blue)","₹ 1,541.00"
"Croma 1200W Dry Vacuum Cleaner with Cyclonic Technology (Noise Free Cleaning, Red)","₹ 4,899.00"
"LG 423 Litres 2 Star Frost Free Double Door Convertible Refrigerator with Smart Diagnosis (GL-S422SPZY.DPZZEB, Shiny Steel)","₹ 45,990.00"
"Whirlpool 7 Kg 5 Star Semi- Automatic Washing Machine with Soak Technology (Ace Supreme Pro, 30298, Wine)","₹ 10,990.00"
"Croma AZ24 24 Litres Personal Air Cooler with Inverter Compatible (Water Level Indicator, White)","₹ 4,999.00"
"SAMSUNG 236 Litres 3 Star Frost Free Double Door Refrigerator with Stabilizer Free Operation (RT28C3053S8/HL, Elegant Inox)","₹ 24,990.00"
"Croma 165 Litres 2 Star Direct Cool Single Door Refrigerator with Anti Fungal Gasket (CRLR165DCC250508, PCM Floral)","₹ 10,790.00"
"HAVELLS Royalstar 4 Plus 4 Surge and Spike Guard (AHNKXXB104, Grey)",₹ 773.00
"Croma 3 Litres Instant Water Geyser (3000 Watts, CRLH003GYA254201, White)","₹ 2,999.00"
"HAVELLS Instanio 3 Litres Instant Water Geyser (3000 Watts, GHWAIAPWB003, White & Blue)","₹ 3,499.00"
"Haier 240 Litres 2 Star Frost Free Double Door Refrigerator with Anti-bacterial Gasket (HEF-252EGS-P, Moon Silver)","₹ 20,990.00"
"Carrier Ester Pro Exi 6 in 1 Convertible 1.5 Ton 5 Star Inverter Split AC with Auto Cleanser (2024 Model, Copper Condenser, CAI18ES5R34F1)","₹ 39,990.00"
"HITACHI IZEN 3400FXL 1.5 Ton 3 Star Inverter Split AC (2024 Model, Copper Condenser, Superfine Mesh Filter, RAS.G318PCBISF)","₹ 36,490.00"
"Crompton Torpedo 400mm 3 Blade High Speed Torpedo Table Fan (Smooth Oscillation, Black)","₹ 2,299.00"
"O GENERAL 1.5 Ton 5 Star Inverter Split AC (Copper Condenser, PM 2.5 Filter, ASGG18CGTB-B)","₹ 62,990.00"
"PORTRONICS Toofan 60mm 3 Blade BLDC Motor Mini Rechargeable Fan with 2000 mAh Battery (Silent Operation, White)",₹ 770.00
"Croma 215 Litres 3 Star Direct Cool Single Door Refrigerator with Anti Fungal Gasket (CRLR215DCD008903, Criss Cross Metallic Grey)","₹ 15,490.00"
"Croma AF2093 5 Star 1200mm 3 Blade BLDC Motor Ceiling Fan with Remote (Energy Efficient, Smoke Brown)","₹ 3,199.00"
"Blue Star M Series 5 in 1 Convertible 1.5 Ton 3 Star Inverter Split AC with 4-Way Swing (Copper Condenser, IC318MNU)","₹ 37,490.00"
"SAMSUNG 8 Kg 5 Star Inverter Fully Automatic Top Load Washing Machine (WA80BG4545BYTL, Ecobubble Technology, Lavender Grey)","₹ 21,490.00"
"DAIKIN Standard Series 1.5 Ton 3 Star Split AC (Copper Condenser, PM 2.5 Filter, FTL50UV)","₹ 39,990.00"
"LG 380 Litres 2 Star Frost Free Double Door Refrigerator with Anti-Bacterial Gasket (GL-N412SDSY.DDSZEB, Dazzle Steel)","₹ 38,990.00"
"Croma 48 Litres 1 Star Direct Cool Single Door Refrigerator with Anti Fungal Door Gasket (CRLR045DCB250506, Hairline Dark Grey)","₹ 7,990.00"
"Carrier ESTER NEO Exi Plus 6 in 1 Convertible 1.5 Ton 3 Star Inverter Split AC with Auto Cleanser (2024 Model, Copper Condenser, CAI18ER3R34F0)","₹ 32,990.00"
"Croma 7.5 Kg 5 Star Fully Automatic Top Load Washing Machine (CRLW075FAF276204, Anti-Bacterial Shield, Dark Grey)","₹ 14,990.00"
"acer 8 kg 5 Star Fully Automatic Top Load Washing Machine (Halo Wash, AR80FATLP1GT, AiSense, Grey)","₹ 16,999.00"
"Haier 531 Litres A+ Frost Free French Door Refrigerator with Deo Fresh Technology (HRB-550KG, Black Glass)","₹ 81,600.00"
"USHA 1300 Watt 180ml Steam Iron (Ceramic Coated Soleplate, SI3813C, Pink)","₹ 1,159.00"
"Haier 8 Kg 5 Star Fully Automatic Top Load Washing Machine (HSW80-678ES8NOIDA, Energy Saving, Dark Jade Silver)","₹ 24,490.00"
"PHILIPS 3000 Series 1000 Watts 100ml Handheld Garment Steamer (Foldable, STH3000/20, Reno Blue)","₹ 2,799.00"
"LG 343 Litres 3 Star Frost Free Double Door Convertible Refrigerator with Stabilizer Free Operation (GL-T382TPZX, Shiny Steel)","₹ 45,490.00"
"atomberg Studio 6 Inch 150mm Exhaust Fan with BLDC Motor (Double Ball Bearings, Black)","₹ 1,699.00"
"atomberg Studio 6 Inch 150mm Exhaust Fan with BLDC Motor (Double Ball Bearings, White)","₹ 1,699.00"
"Croma 185 Litres 2 Star Direct Cool Single Door Refrigerator with Anti Fungal Gasket (CRLR185DCC008902, Criss Cross Metallic Grey)","₹ 12,990.00"
"Croma ECO 1200mm 3 Blade Copper Motor Ceiling Fan (Inverter Technology, White)","₹ 1,399.00"
"Croma AF3705 500mm 3 Blade Silent Operation Pedestal Fan (Adjustable Setting, Military Green)","₹ 3,999.00"
"Croma 7.5 kg Semi Automatic Washing Machine with Auto Unbalancing Detection (CRAW2223, White)","₹ 10,490.00"
"Croma 84 Litres 2 Star Direct Cool Single Door Refrigerator with Reversible Door (CRLR084DCC290105, Black)","₹ 10,490.00"
"V-GUARD 2 Amps Voltage Stabilizer For Up to 300 Litres Refrigerator (135 - 280 V, Fail Safe Circuit Protection, VG 50, Red)","₹ 1,550.00"
"Croma AZ18 18 Litres Personal Air Cooler with Inverter Compatible (Dust & Mosquito Filter, White)","₹ 3,999.00"
"SAMSUNG 189 Litres 5 Star Direct Cool Single Door Refrigerator with Anti-Bacterial Gasket (RR21C2H25DX/HL, Luxe Brown)","₹ 17,990.00"
"IFB 5.5 kg 5 Star Fully Automatic Front Load Dryer (TURBO DRY 550, Lint Filter, White)","₹ 20,990.00"
"Croma AZ60 60 Litres Desert Air Cooler with Inverter Compatible (Evaporative Cooling Technology, White & Black)","₹ 9,999.00"
"BOSCH 8 kg Fully Automatic Top Load Washing Machine (Series 2, WOE802S7IN, Multiple Water Protection, Silver)","₹ 23,490.00"
"HAVELLS Stealth Air 5 Star 1200mm 3 Blade BLDC Motor Ceiling Fan with Remote (Inverter Technology, Pearl White)","₹ 7,099.00"
"IFB 5.5 kg 5 Star Fully Automatic Front Load Dryer (TURBO DRY EX, Lint Filter, Silver)","₹ 22,990.00"
"Godrej 5 in 1 Convertible 1.5 Ton 3 Star Inverter Split AC With Anti Dust Filter (2024 Model, Copper Condenser, SIC 18TTC3-WWA)","₹ 30,990.00"
"SAMSUNG 8.5 kg 5 Star Semi Automatic Washing Machine with Air Turbo Drying System (WT85B4200GD/TL, Dark Grey)","₹ 14,800.00"
"Croma 45 Litres 2 Star Direct Cool Single Door Refrigerator with Reversible Door (CRLR045DCC290104, Black)","₹ 9,490.00"
"EUREKA FORBES Robo Vac n Mop Pro Robotic Vacuum Cleaner & Mop with Wi-Fi Connectivity (Smart App Control, Black)","₹ 14,999.00"
"Blue Star Y 5 in 1 Convertible 1 Ton 5 Star Inverter Split AC with Turbo Cool (2023 Model, Copper Condenser, IC512YNUR)","₹ 36,990.00"
"LG 8 kg 5 Star Inverter Fully Automatic Top Load Washing Machine (T80SNSF1Z.ASFQEIL, Stainless Steel Tub, Silver)","₹ 22,990.00"
"SAMSUNG 9 kg 5 Star Fully Automatic Top Load Washing Machine (WA90BG4546BVTL, Smart Control with Wi-Fi, Black Caviar)","₹ 26,200.00"
"Croma 11 kg 5 Star Inverter Fully Automatic Top Load Washing Machine (CRLW011FAF264503, In-built Heater, Mid Black)","₹ 23,990.00"
"Whirlpool Washing Machine Cover for 360 Degree 7.2 Kgs Fully Automiatic Washing Machine (7100000076, Off-white)",₹ 350.00
"Croma 1 Ton 3 Star Window AC (Copper Condenser, Dust Filter, CRLA012WAD193301)","₹ 26,990.00"
"Crompton Energion Cookie 1200mm 3 Blade BLDC Motor Ceiling Fan with Remote (Superior Air Delivery, Brown)","₹ 2,899.00"
"V-GUARD Arizor 4170 12 Amps Voltage Stabilizer For 1.5 Ton Inverter Air Conditioner (170 - 270 V, Fail Safe Circuit Protection, White)","₹ 2,048.00"
"BAJAJ Majesty 2000 Watts Fan Room Heater (Auto Thermal Shutoff, RX11, White)","₹ 2,290.00"
"Croma 251 Litres 4 Star Direct Cool Single Door Refrigerator with Anti Fungal Gasket (CRLR251DIE302704, Blue)","₹ 19,990.00"
"LG 272 Litres 2 Star Frost Free Double Door Refrigerator with Inverter Technology (GL-N312SDSY.ADSZEBN, Dazzle Steel)","₹ 27,990.00"
"PHILIPS Easy Speed 2000 Watt Steam Iron (GC1028, SkyBlue)","₹ 2,499.00"
"SAMSUNG 183 Litres 4 Star Direct Cool Single Door Refrigerator with Anti-Bacterial Gasket (RR20C1724CU/HL, Camellia Blue)","₹ 15,490.00"
"IFB 9 kg 5 Star Inverter Fully Automatic Front Load Washing Machine (Executive MXC, Voice Enabled, Mocha)","₹ 45,990.00"
"Croma 205 Litres 3 Star Direct Cool Single Door Refrigerator with Inverter Compressor (CRLR206DID250503, Bloom Wine Red)","₹ 13,490.00"
"PHILIPS 5000 Series Bladeless 2230 m3/hr Air Delivery Tower Fan with Remote (Silent Operation, Black)","₹ 8,755.00"
"Croma Semi Deco 1200mm 3 Blade Copper Motor Ceiling Fan (Rust Proof, Dark Coffee)","₹ 2,399.00"
"Croma 240 Litres 3 Star Frost Free Double Door Convertible Refrigerator with Dual Inverter Technology (CRLR240FID008951, Criss Cross Metallic Grey)","₹ 23,990.00"
"Croma 106W Car Vacuum Cleaner with Bagless Dust Tank (Strong Suction, Brown)","₹ 1,799.00"
"Haier 630 Litres Frost Free Side by Side Refrigerator with Magic Cooling Technology (HRS-682SS, Shiny Steel)","₹ 61,990.00"
"PHILIPS EasySpeed Plus 2400 Watts 270ml Steam Iron (Durable Ceramic Soleplate, GC2147/30, Purple)","₹ 2,999.00"
"SAMSUNG 10 kg 5 Star Fully Automatic Top Load Washing Machine (WA10BG4686BRTL, in-built Heater, Rose Brown)","₹ 31,000.00"
"LG Vivace 11 kg/7 kg 5 Star Fully Automatic Front Load Washer Dryer Combo (AI Direct Drive Technology, FHD1107STB.ABLQEIL, Black VCM)","₹ 62,990.00"
"Haier 268 Litres 2 Star Frost Free Double Door Convertible Refrigerator with Turbo Icing (HRF-3182BIS-P, Inox Steel)","₹ 25,770.00"
"SAMSUNG 236 Litres 2 Star Frost Free Double Door Refrigerator with Digital Inverter Technology (RT28C3032GS/HL, Gray Silver)","₹ 22,690.00"
"EUREKA FORBES Stellar 1600W Dry Vacuum Cleaner with Suction & Blower Function (LED Vario Power, Orange & Black)","₹ 9,999.00"
"morphy richards Glide 1250 Watts 300ml Steam Iron (360 Degree Swivel Cord, Pink)","₹ 1,349.00"
"HITACHI iZen 3400FXL 1 Ton 3 Star Inverter Split AC (Copper Condenser, Superfine Mesh Filter, RAS.G312PCAISF)","₹ 31,790.00"
"LG 6 in 1 Convertible 1.5 Ton 5 Star Dual Inverter Split AC with 4 Way Swing (2024 Model, Copper Condenser, HD Filter, TS-Q19ANZE.AMLG)","₹ 47,990.00"
"SAMSUNG 215 Litres 3 Star Direct Cool Single Door Refrigerator with Antibacterial Gasket (RR23D2E23UZHL, Midnight Blossom Blue)","₹ 17,690.00"
"PHILIPS Steam and Go 1300 Watts 70ml Handheld Garment Steamer (Horizontal and Vertical Steaming, GC362/80, Black)","₹ 3,694.00"
"DAIKIN Standard Plus Series 1 Ton 5 Star Inverter Split AC (Copper Condenser, PM 2.5 Filter, FTKM35UV)","₹ 38,990.00"
"HAVELLS Bianca 15 Litres 5 Star Storage Water Geyser (2000 Watts, GHWCBNTWH015, White and Blue)","₹ 11,999.00"
"Croma 5 Litres Instant Water Geyser (3000 Watts, CRLV05LGYA254202, White & Blue)","₹ 3,999.00"
"Haier 328 Litres 3 Star Frost Free Double Door Refrigerator with Twin Inverter Technology (HEF333TSP, Inox Steel)","₹ 31,990.00"
"LLOYD 5 in 1 Convertible 1.25 Ton 3 Star Inverter Split AC with 4 way Swing (Copper Condenser, GLS15I3FWSEV)","₹ 32,990.00"
"belkin 2M 6 Outlet Surge Protector (F9E600ZB, Grey)","₹ 1,399.00"
"Blue Star Y Series 5 in 1 Convertible 1.3 Ton 3 Star Inverter Split AC with Turbo Cool (Copper Condenser, IC315YNU)","₹ 32,990.00"
"LG 9 kg 5 Star Fully Automatic Top Load Washing Machine (THD09SWM.ABMQEIL, In-built Heater, Black)","₹ 30,990.00"
"SAMSUNG 301 Litres 2 Star Frost Free Double Door Convertible Refrigerator with Deodorizer (RT34C4522S8/HL, Elegant Inox)","₹ 35,000.00"
"VOLTAS Vertis 5 in 1 Convertible 2 Ton 3 Star Inverter Split AC with 4-Way Swing (2023 Model, Copper Condenser, 243V Vertis Exotica Marvel)","₹ 52,690.00"
"SAMSUNG 8 kg 5 Star Inverter Fully Automatic Front Load Washing Machine (WW80T4040CE1TL, Diamond Drum, White)","₹ 33,990.00"
"Croma 1.5 Ton Portable AC (Dust Filter, Copper Condenser, CRLA018PAA025801)","₹ 42,990.00"
"Whirlpool 8.5 kg 5 Star Fully Automatic Top Load Washing Machine (Stainwash Pro Plus, In-built Heater, Midnight Grey)","₹ 20,990.00"
"PHILIPS EasySpeed Plus 2200 Watts 270ml Steam Iron (Durable Ceramic Soleplate, GC2145/20, Blue)","₹ 2,930.00"
"dyson TP07 Air Multiplier Technology Pure Cool Tower Air Purifier (369702-01, White/Silver)","₹ 39,899.00"
"Racold Pronto Stylo 3 Litres Instant Water Geyser (4500 Watts, White)","₹ 3,199.00"
"AO Smith Finesse 15 Litres 5 Star Storage Water Geyser (2000 Watts, EPSV015CMC4R0F0, White)","₹ 10,990.00"
"TOSHIBA 7 kg 5 Star Inverter Fully Automatic Front Load Washing Machine (TW-BJ80S2-IND(WK), In-Built Heater, White)","₹ 23,490.00"
"Haier 445 Litres 2 Star Frost Free Double Door Bottom Mount Convertible Refrigerator with Triple Inverter Technology (HRB-4952BIS-P, Inox Steel)","₹ 49,890.00"
"LG 8 Kg 5 Star Inverter Fully Automatic Front Load Washing Machine (FHP1208A5M.AMBQEIL, In-built Heater, Middle Black)","₹ 39,490.00"
"LG 6 in 1 Convertible 1.5 Ton 3 Star Dual Inverter Split AC with HD Filter (2024 Model, Copper Condenser, TS-Q18ANXE.AMLG)","₹ 39,990.00"
"SAMSUNG 223 Litres 3 Star Direct Cool Single Door Refrigerator with Base Stand Drawer (RR24D2Z23CUNL, Camellia Blue)","₹ 18,990.00"
"AO Smith 15 Litres 3 Star Storage Water Geyser (2000 Watts, Elegance Slim-015-LHS, White)","₹ 9,577.00"
"SAMSUNG 236 Litres 2 Star Frost Free Double Door Convertible Refrigerator with Digital Inverter Technology (RT28C3922S9/HL, Refined Inox)","₹ 24,890.00"
"SAMSUNG 183 Litres 4 Star Direct Cool Single Door Refrigerator with Antibacterial Gasket (RR20C1724CR/HL, Camellia Purple)","₹ 15,490.00"
"Croma 303 Litres 3 Star Frost Free Double Door Convertible Refrigerator with Inverter Technology (CRLR303FID276255, Black Uniglass)","₹ 31,990.00"
"Croma AV4412 2000 Watts 415ml Steam Iron (Self Clean Function, CRSH2KWIRA249412, Aqua Blue)","₹ 2,199.00"
"Croma ECO 1200mm 3 Blade Copper Motor Ceiling Fan (Inverter Technology, Brown)","₹ 1,399.00"
"Honeywell AIR TOUCH V4 Air Purifier (H13 HEPA Filter, HC000019APV4, White)","₹ 11,499.00"
"SAMSUNG 5 in 1 Convertible 1.5 Ton 5 Star Inverter Split Smart AC with Copper Anti Bacterial Filter (2023 Model, Copper Condenser, AR18CY5YAWK)","₹ 45,990.00"
"HAVELLS Aquilla 1000 Watts Dry Iron (Shockproof, GHGDICEO100, Amber)",₹ 716.00
Crompton Solarium Care 15 Litre 5 Star Vertical Storage Geyser with Hygiene Mode (White),"₹ 7,760.00"
"Whirlpool 7.5 kg Fully Automatic Top Load Washing Machine (WhiteMagic Premier, 31599, Spiro Wash Action, Grey)","₹ 16,600.00"
"SAMSUNG 8 kg 5 Star Inverter Fully Automatic Front Load Washing Machine (WW80TA046AB1TL, Hygiene Steam, Diamond Drum, Black)","₹ 41,000.00"
"Xiaomi S10 Robotic Vacuum Cleaner & Mop with Wi-Fi Connectivity (Advanced Laser Navigation, Black)","₹ 16,999.00"
"HAVELLS Instanio 3 Litres Instant Water Geyser (4500 Watts, GHWAIBPWB003, White/Blue)","₹ 3,599.00"
"BOSCH 8 kg Fully Automatic Front Load Washing Machine (Serie 6, WGA1340TIN, 10 Wash Programs, Black Grey)","₹ 41,490.00"
"Carrier Ester Neo Plus Exi 6 in 1 Convertible 1 Ton 3 Star Inverter Split AC with Auto Cleanser (2024 Model, Copper Condenser, CAI12ER3R34F0)","₹ 29,990.00"
"SAMSUNG 8 kg 5 Star Inverter Fully Automatic Front Load Washing Machine (WW80T504DAB1TL, AI Control Display, Black Caviar)","₹ 42,500.00"
"SAMSUNG 183 Litres 5 Star Direct Cool Single Door Refrigerator with Anti Bacterial Gasket (RR20D2725UZNL, Midnight Blossom Blue)","₹ 16,690.00"
"PORTRONICS Toofan 60mm 3 Blade BLDC Motor Mini Rechargeable Fan with 2000 mAh Battery (Silent Operation, Blue)",₹ 770.00
CNS Height Adjustable Stand (upto 350 L),₹ 649.00
"O GENERAL BMAA 1.1 Ton 3 Star Split AC (2024 Model, Copper Condenser, Mildew Resistant, ASGA14BMAA-B)","₹ 42,290.00"
"Croma ECO 2 1200mm 3 Blade Copper Motor Ceiling Fan (Energy Efficient, Dark Coffee)","₹ 1,999.00"
"EUREKA FORBES Swift Clean 1200W Dry Vacuum Cleaner with Auto Cord Winder (Efficient Alert System, Red & Black)","₹ 4,999.00"
VOLTAS 183v Vertis Elite Marvel 5 in 1 Convertible 1.5 Ton 3 Star Inverter Split AC with 4-Way Swing (Copper Condenser),"₹ 37,690.00"
"V-GUARD 6 Amps Voltage Stabilizer For Up to 203cm (80"") TV + 1 Set Top Box + 1 Home Theatre (200 - 240V AC Output, Digi 200, White)","₹ 4,238.00"
"SAMSUNG 653 Litres 3 Star Auto Defrost Side by Side Refrigerator with Twin Cooling Plus (RS76CG8113SLHL, EZ Clean Steel)","₹ 99,800.00"
"O GENERAL CET Series 2 Ton 5 Star Inverter Split AC (Copper Condenser, PM 2.5 Filter, ASGG24CETAB)","₹ 79,890.00"
Racold CDR DLX 35 Litres 5 Star Vertical Storage Geyser (White),"₹ 9,699.00"
"Russell Hobbs RTF-4800 Bladeless 13800 m3/hr Air Delivery Tower Fan with Remote (Superior Quality, Black)","₹ 8,990.00"
"Racold Omnis DG 15 Litres 5 Star Storage Water Geyser (2000 Watts, 3180837, Sandstorm Gold)","₹ 11,448.00"
Racold CDR DLX 10 Litres 3 Star Horizontal Storage Geyser With RHS Water Inlet (White),"₹ 7,115.00"
"AO Smith Finesse 10 Litres 5 Star Storage Water Geyser (2000 Watts, EPSV010CMC4R0F0, White)","₹ 8,890.00"
"Croma 4 in 1 Convertible 1 Ton 5 Star Inverter Split AC with Dust Filter (2024 Model, Copper Condenser, CRLA012INF283260)","₹ 34,990.00"
"Panasonic EU 7 in 1 Convertible 1.5 Ton 5 Star Inverter Split Smart AC with AI Mode (Copper Condenser, CS/CU-EU18AKY5XFM)","₹ 45,990.00"
"Haier 325 Litres 3 Star Frost Free Double Door Bottom Mount Convertible Refrigerator with Triple Inverter Technology (HRB-3753BBS-P, Brushline Silver)","₹ 37,999.00"
"Blue Star 5 in 1 Convertible 1 Ton 3 Star Inverter Split AC with DigiQ Penta Sensor (Copper Condenser, ID312MNU)","₹ 33,290.00"
"SAMSUNG 7 kg 5 Star Inverter Fully Automatic Front Load Washing Machine (WW70T502NTW/TL, Diamond Drum, White)","₹ 29,990.00"
"HAVELLS Elio 5 Star 1200mm 3 Blade BLDC Motor Ceiling Fan with Remote (Wood Finished Blades, Grey)","₹ 3,790.00"
"AO Smith MiniBot 3 Litres 5 Star Instant Water Geyser (3000 Watts, SZS-3, White)","₹ 3,822.00"
"Haier 628 Litres Frost Free Side by Side Refrigerator with Magic Cooling Technology (HRT-683IS, Inox Steel)","₹ 80,990.00"
"Haier 240 Litres 2 Star Frost Free Double Door Refrigerator with Turbo Icing (HRF-2902EBS-P, Brushline Silver)","₹ 23,190.00"
"AO Smith Finesse 25 Litres 5 Star Storage Water Geyser (2000 Watts, EPSV025CMC4R0F0, White)","₹ 11,867.00"
"Whirlpool 8.5 kg 5 Star Semi Automatic Washing Machine with Soak Technology (Ace Turbo Dry, 30309, Wine Dazzle)","₹ 13,530.00"
"Croma 4 in 1 Convertible 1.5 Ton 3 Star Inverter Split AC with Dust Filter (2024 Model, Copper Condenser, CRLA018IND283259)","₹ 35,990.00"
"IFB 10 kg 5 Star Inverter Fully Automatic Front Load Washing Machine (Executive Plus MXC, Voice Enabled, Mocha)","₹ 49,270.00"
"HAVELLS Bianca 25 Litres 5 Star Storage Water Geyser (2000 Watts, GHWCBNTWH025, White and Blue)","₹ 12,380.00"
"V-GUARD Mini Crystal Smart 1.3 Amps Voltage Stabilizer For 32 Inch Television (90-290VAC, Short Circuit Protection, Black)","₹ 2,199.00"
"Croma AZ40 40 Litres Personal Air Cooler with Inverter Compatible (Ice Chamber, White & Grey)","₹ 6,299.00"
"PHILIPS 1000i Series NanoProtect HEPA and VitaShield Technology Smart Air Purifier (Activated Carbon Filter, AC1715/60, White)","₹ 12,999.00"
"USHA Mist Air Flo 400mm 3 Blade Copper Motor Pedestal Fan (Aerodynamically Design, Light Blue)","₹ 2,700.00"
"Croma AZ50D 50 Litres Desert Air Cooler with Inverter Compatible (Honey Comb Cooling Pads, White)","₹ 8,999.00"
"ECOVACS Floor Cleaner for DEEBOT U2 PRO (Accessory Kit, U2PROAKIT, Black)","₹ 1,890.00"
"SAMSUNG 183 Litres 4 Star Direct Cool Single Door Refrigerator with Base Drawer (RR20C1824CR/HL, Camellia Purple)","₹ 16,190.00"
"LG 650 Litres 3 Star Frost Free Side by Side Refrigerator with Multi Air Flow (GLB257HWB3, Western Black)","₹ 88,990.00"
"Whirlpool 8 kg 5 Star Fully Automatic Top Load Washing Machine (In-built Heater, Graphite)","₹ 22,990.00"
"HAVELLS Elio 5 Star 1200mm 3 Blade BLDC Motor Ceiling Fan with Remote (Wood Finished Blades, Brown)","₹ 3,998.00"
"morphy richards Inspira Onyx 1000 Watts Dry Iron (Thermostat Control, 500077, Black and Grey)",₹ 659.00
Whirlpool Intellifresh Pro 278 231 Litres 2 Star Frost Free Double Door Convertible Refrigerator with 6th Sense Technology (Grey),"₹ 26,990.00"
"Crompton Energion Roverr 120cm Sweep 3 Blade Ceiling Fan (Remote Control, CFENROV48PWTAD5S, Pristine White)","₹ 5,699.00"
"Croma 206 Litres 4 Star Direct Cool Single Door Refrigerator with Inverter Compressor (CRLR206DIE302702, Blue)","₹ 16,990.00"
"HITACHI YOSHI 5400FXL 1.5 Ton 5 Star Inverter Split AC (2023 Model, Copper Condenser, Superfine Mesh Filter, RAS.G518PCBISF)","₹ 43,990.00"
"Qubo E27 9 Watts Electric Powered Smart Bulb (860 Lumens, HLB01D1001, White)",₹ 540.00
"Crompton Energion Roverr 120cm Sweep 3 Blade Ceiling Fan (ActivBLDC Technology, CFENROV48CPGLDAD5S, Champagne Gold)","₹ 5,999.00"
"V-GUARD 12 Amps Voltage Stabilizer For Up to 1.5 Ton Air Conditioner (150 - 285 V, Built-In Thermal Overload Protection, VND 400, Grey)","₹ 3,239.00"
"Haier 7 kg 5 Star Fully Automatic Top Load Washing Machine (826 Series, HWM70-826DNZP, NZP Technology, Titanium Silver Grey)","₹ 17,290.00"
"Whirlpool Intellifresh 411 Litres 2 Star Frost Free Double Door Convertible Refrigerator with Stabilizer Free Operation (IF INV CNV PLATINA, Grey)","₹ 45,490.00"
"USHA Maxx Air Ultra 400mm 3 Blade Copper Motor Pedestal Fan (Sturdy Blades, White)","₹ 3,029.00"
Haier HRF-3182PKG-P 268 Litres 2 Star Frost Free Double Door Convertible Refrigerator with Turbo Icing (Black Glass),"₹ 28,990.00"
"VOLTAS beko 183 Litres 2 Star Direct Cool Single Door Refrigerator with Reciprocating Compressor (RDC215D / S0RFR0M0, Fressia Ruby)","₹ 11,994.00"
"PHILIPS 1500 Watts 100ml Garment Steamer (2 Modes, OptimalTemp Technology, STH7020/20, Deep Azur)","₹ 4,499.00"
"Racold Omnis DG 15 Litres 5 Star Storage Water Geyser (2000 Watts, 3180829, Black)","₹ 11,099.00"
"LG 466 Litres 2 Star Frost Free Double Door Convertible Refrigerator with Smart Inverter Compressor (GLT492MESY, Ebony Sheen)","₹ 63,490.00"
"LLOYD 5 in 1 Convertible 1.5 Ton 3 Star Inverter Split AC with 4 way Swing (Copper Condenser, GLS18I3KWSBV)","₹ 35,990.00"
Whirlpool Intellifresh Pro 370 312 Litres 3 Star Frost Free Double Door Bottom Mount Convertible Refrigerator with 6th Sense Technology (Steel Onyx),"₹ 39,490.00"
"BOSCH 7 kg 5 Star Fully Automatic Top Load Washing Machine (Series 2, WOE701D0IN, ExpertCare Wash System, Dark Grey)","₹ 21,990.00"
"Croma 5 in 1 Convertible 1.5 Ton 3 Star Inverter Split AC with Dust Filter (2024 Model, Copper Condenser, CRLA018IND170264)","₹ 34,990.00"
"Apple MacBook Air 2022 (13.6 inch, M2, 8GB, 256GB, macOS, Midnight)","₹ 91,090.00"
"Redmi Note 13 5G (6GB RAM, 128GB, Arctic White)","₹ 15,999.00"
"amazon Fire TV Stick 4K with Alexa Voice Remote 3rd Gen (Dolby Vision and Atmos Support, B0BTFPKY98, Black)","₹ 3,999.00"
"Apple iPhone 15 (128GB, Pink)","₹ 69,900.00"
"EUREKA FORBES Buddy Corded Pet Grooming Kit with 5 Accessories (Adjustable Suction, White)","₹ 5,499.00"
"White Westinghouse 7 kg 5 Star Fully Automatic Top Load Washing Machine (HDT7000S, Water Reserve Technology, Grey)","₹ 11,499.00"
"Croma Personal 450 Watt 2 Jars Mixer Grinder Blender (19000 RPM, Bullet Motor, Silver and Black)","₹ 1,699.00"
"LAPCARE Safari 006 Wireless Optical Gaming Mouse with Silent Click Buttons (1600 DPI, Ergonomic Design, Black)",₹ 384.00
DURACELL Ultra Alkaline AA Battery For Camera (Pack of 4),₹ 190.00
ZipCare Protect - Advanced 2 Year for Sound Bar (Rs. 5000 - Rs. 10000),"₹ 1,929.00"
"Croma Type C to Type C 3.3 Feet (1M) Cable (Nylon Braided, Grey)",₹ 149.00
"Redmi 13C 5G (6GB RAM, 128GB, Startrail Silver)","₹ 11,999.00"
"Apple Magic Trackpad 2 Touchpad For MacBook (Wireless Connection, MK2D3ZM/A, Silver)","₹ 10,820.00"
ZipCare Protect Standard 2 Years for Fans (Upto Rs. 2500),₹ 99.00
"logitech MX Master 3S Rechargeable Wireless Laser Performance Mouse with Thumb Wheel (8000 DPI Adjustable, Multi Device Connectivity, Graphite)","₹ 8,799.00"
"LG 8 kg 5 Star Inverter Fully Automatic Top Load Washing Machine (T80AJMB1Z.ABMQEIL, Stainless Steel Tub, Middle Black)","₹ 23,990.00"
"SONY Gran Turismo 7 For PS5 (Racing Games, Standard Edition, 50668468)","₹ 3,834.00"
ZipCare Protect Standard 1 Year for Portable Bluetooth Speakers (Rs. 100 - Rs. 2500),₹ 79.00
"BAJAJ Pygmy Mini 110mm 3 Blade Rechargeable Personal Fan with 1800 mAh Battery (Silent Operation, Cerulean Blue)",₹ 950.00
"Lenovo IdeaPad 3 Intel Core i3 12th Gen (15.6 inch, 8GB, 512GB, Windows 11, MS Office 2021, Intel UHD, Full HD Display, Arctic Grey, 82RK00VVIN)","₹ 34,990.00"
"GUBB GB-128 Hair Dryer with 2 Heat Settings & Cool Shot (Overheat Protection, Purple)",₹ 449.00
"VOLTAS Vectra 4 in 1 Convertible 1.5 Ton 3 Star Inverter AC with Anti-Dust Filter (Copper Condenser, 183V Vectra Pearl Marvel)","₹ 36,490.00"
"Racold Omnis RS 15 Litres 5 Star Storage Water Geyser (2000 Watts, 3180841, White)","₹ 9,599.00"
"AO Smith Finesse 6 Litres 5 Star Storage Water Geyser (2000 Watts, EPSV006CMC4R0F0, White)","₹ 7,990.00"
"Panasonic EU 7 in 1 Convertible 1.5 Ton 3 Star Inverter Split AC with Temperature Sensors (Copper Condenser, CS/CU-EU18AKY3F)","₹ 36,990.00"
"SAMSUNG 183 Litres 5 Star Direct Cool Single Door Refrigerator with Anti Bacterial Gasket (RR20D2825HNNL, Himalaya Poppy Red)","₹ 17,190.00"
"Whirlpool 9.5 kg 5 Star Inverter Fully Automatic Top Load Washing Machine (360 Degree Bloomwash Pro, 31331, In-Built Heater, Graphite)","₹ 25,830.00"
"LG 650 Litres 3 Star Frost Free Side by Side Refrigerator with Door Cooling Plus Technology (GLB257EPZ3, Shiny Steel)","₹ 98,990.00"
"AO Smith 25 Litres 3 Star Storage Water Geyser (2000 Watts, Elegance Slim-025-RHS, White)","₹ 11,550.00"
"SAMSUNG 236 Litres 2 Star Auto Defrost Double Door Convertible Refrigerator with Convertible Freezer (RT28C3832S8/HL, Elegant Inox)","₹ 30,800.00"
"USHA Techne Direct 500 1300 Watts Garment Steamer (2 Modes, White)","₹ 2,450.00"
"Croma 15 Litres 5 Star Storage Water Geyser (2000 Watts, CRLH15LGYF254207, White)","₹ 8,599.00"
"V-GUARD 15 Amps Voltage Stabilizer For 2 Ton Air Conditioner (150 - 285 V, Latest IC Technology, VND 500, Grey)","₹ 3,960.00"
"Croma AZ30 30 Litres Tower Air Cooler with Inverter Compatible (Ice Chamber, White & Grey)","₹ 6,999.00"
"Yale Smart Locks (Power Bank Support, YLDRPB- BR, Brown)","₹ 2,399.00"
"Croma 165 Litres 2 Star Direct Cool Single Door Refrigerator with Anti Fungal Gasket (CRLR165DCC008901, Criss Cross Metallic Grey)","₹ 11,990.00"
"dyson V12S Detect Slim Submarine 150W Cordless Wet & Dry Vacuum Cleaner with Anti-tangle Technology (11 Root Cyclones, Yellow & Nickel)","₹ 60,899.00"
"Crompton Premion Avancer Prime 1 Star 1200mm 3 Blade Anti Dust Ceiling Fan (Inverter Technology, Conch Cream)","₹ 3,240.00"
"dyson HP07 Air Multiplier Technology Pure Hot + Cool Air Purifier & Heater (368886-01, White/Silver)","₹ 66,599.00"
"Croma 5 in 1 Convertible 2 Ton 3 Star Inverter Split AC with Dust Filter (2024 Model, Copper Condenser, CRLA024IND170265)","₹ 47,990.00"
"BAJAJ Economy Deco 1200mm 3 Blade Powerful Performance Ceiling Fan (Energy Efficient, Choko Brown)","₹ 2,199.00"
"Yale Smart Digital Lock For Private Space (Smart Keypad, YDME 50 NxT, Black)","₹ 11,500.00"
"Blue Star 5 in 1 Convertible 1.5 Ton 5 Star Inverter Split AC with DigiQ Penta Sensor (Copper Condenser, IC518NNUR)","₹ 44,490.00"
"LG 190 Litres 3 Star Direct Cool Single Door Refrigerator with Stabilizer Free Operation (GL-B201APZD, Shiny Steel)","₹ 16,990.00"
"Croma CRSF45WTFA029421 Tower Fan (Motor Overheat Protection, Grey)","₹ 5,399.00"
"O GENERAL BBAA 1.2 Ton 3 Star Non Inverter Window AC (2023 Model, Copper Condenser, Dust Filter, AFGB14BBAA-B)","₹ 30,290.00"
"Crompton High Flo Wave Plus 400mm 3 Blade Copper Motor Table Fan (Aerodynamically Designed Blades, White)","₹ 1,969.00"
"HAVELLS Bianca 6 Litres 5 Star Storage Water Geyser (2000 Watts, GHWCBNTWH006, White and Blue)","₹ 8,893.00"
"LG 11 kg 5 Star Inverter Fully Automatic Front Load Washing Machine (FHP1411Z9B.ABLQEIL, Steam Wash Technology, Black)","₹ 57,490.00"
"SAMSUNG 12 kg 5 Star Wi-Fi Inverter Fully Automatic Front Load Washing Machine (WW12DG5B24ABTL, AI EcoBubble, Black)","₹ 48,990.00"
BAJAJ Armor Series Pentacle 10 Litre 5 Star Vertical Storage Geyser with Swirl Flow Technology (White and Blue),"₹ 8,899.00"
"LG 246 Litres 3 Star Frost Free Double Door Convertible Refrigerator with Smart Diagnosis (GL-S262SPZX.DPZZEB, Shiny Steel)","₹ 31,990.00"
"VOLTAS 103V Vectra Elite 4 in 1 Convertible 0.8 Ton 3 Star Inverter Split AC with Turbo Cooling (2023 Model, Copper Condenser)","₹ 28,990.00"
"Blue Star Y Series 5 in 1 Convertible 1.5 Ton 5 Star Inverter Split AC with Turbo Cool (Copper Condenser, IC518YNU)","₹ 43,490.00"
"Blue Star VNUS 5 in 1 Convertible 1.5 Ton 3 Star Inverter Split Smart AC with Voice Command Technology (2023 Model, Copper Condenser, IC318VNUS)","₹ 37,290.00"
"HITACHI IKASU 5400FXL 1.5 Ton 5 Star Inverter Split AC (2023 Model, Copper Condenser, Superfine Mesh Filter, RAS.G518PCBIBF)","₹ 43,990.00"
"Whirlpool IMPC 184 Litres 3 Star Direct Cool Single Door Refrigerator with Stabilizer Free Operation (205 IMPC PRM, Steel)","₹ 14,490.00"
"VOLTAS Vertis 5 in 1 Convertible 1.5 Ton 3 Star Inverter Split AC with 4-Way Swing (Copper Condenser, 183V Vertis Emerald Marvel)","₹ 33,990.00"
"POLAR Stormy Neo 230mm 3 Blade Copper Motor Table Fan (Multi Utility, Black Chrome)","₹ 1,473.00"
"SAMSUNG 224 Litres 2 Star Frost Free Double Door Refrigerator with Curd Maestro (RT28C3522S8/HL, Elegant Inox)","₹ 24,994.00"
"CP PLUS 7 Inch Video Door Phone Kit (TFT LCD Display, CPPVK70TH, White)","₹ 4,999.00"
"VOLTAS 123v Vectra Pearl Marvel 4 in 1 Convertible 1 Ton 3 Star Inverter Split AC with Auto Clean Function (2023 Model, Copper Condenser)","₹ 28,990.00"
"RD PLAST Bracket For Air Conditioner (Adjustable Length, RW 8545-0, White)",₹ 549.00
"Croma 5 in 1 Convertible 1 Ton 5 Star Inverter Split AC with Dust Filter (2024 Model, Copper Condenser, CRLA012INF170268)","₹ 35,990.00"
"O GENERAL 1.5 Ton 5 Star Window AC (2023 Model, Copper Condenser, Anti Bacterial Filter, AXGB18CHAA-B)","₹ 42,690.00"
"LG 10 kg 5 Star Inverter Fully Automatic Top Load Washing Machine (THD10SWP.APBQEIL, In-Built Heater, Platinum Black)","₹ 34,990.00"
"IFB 8.5/6.5 kg 5 Star Inverter Fully Automatic Front Load Washer Dryer (Executive ZXM, Power Steam Wash, Mocha)","₹ 59,990.00"
"tp-link Tapo C210 Pan/Tilt Wi-Fi CCTV Security Camera (Privacy Mode, White)","₹ 2,399.00"
"Haier 355 Litres 3 Star Frost Free Double Door Bottom Mount Convertible Refrigerator with Triple Inverter Technology (HRB-4053PKG-P, Black Glass)","₹ 50,990.00"
"BOSCH 8 kg Fully Automatic Front Load Washing Machine (Series 6, WGA2341SIN, Auto Stain Removal, Silver)","₹ 41,990.00"
"EUREKA FORBES NXT 1380W Wet & Dry Vacuum Cleaner with In Hand Suction Control (Powerful Blower, Black & Red)","₹ 9,999.00"
"LG 6 in 1 Convertible 1 Ton 5 Star Dual Inverter Split Smart AC with HD Filter (2024 Model, Copper Condenser, TS-Q14JWZE.AMLG)","₹ 40,990.00"
"LG 10 kg 5 Star Fully Automatic Front Load Washing Machine (FHP1410Z7P.APSQEIL, Smart Diagnosis, Platinum Silver)","₹ 49,990.00"
"Racold Omnis DG 10 Litres 5 Star Storage Water Geyser (2000 Watts, 3180828, Black)","₹ 10,189.00"
"Whirlpool 10 kg 5 Star Semi Automatic Washing Machine with Dynamix Detergent Dispenser (Ace XL, 30343, Graphite Grey)","₹ 17,490.00"
"ILIFE A80 Pro Robotic Vacuum Cleaner & Mop with Wi-Fi Connectivity (Alexa & Google Assistant, Gradient Blue)","₹ 16,900.00"
"Symphony Surround Bladeless 25 ft Air Throw 650 m3/hr Air Delivery Tower Fan (Powerful Air Throw, Dark Grey)","₹ 6,199.00"
"Haier 240 Litres 2 Star Frost Free Double Door Convertible Refrigerator with Turbo Icing (HRF-2902BMS-P, Moon Silver)","₹ 23,960.00"
"Blue Star Y 5 in 1 Convertible 1.5 Ton 5 Star Inverter Split AC with Turbo Cool (2023 Model, Copper Condenser, IC518YNUR)","₹ 43,990.00"
"Croma Cover For Top Load 8 to 10 Kg Washing Machines (Water Resistance, CRLTTLPKAA286301, Grey)",₹ 799.00
"belkin 1.5M 4 Outlet Surge Protector (F9E400ZB, Grey)","₹ 1,349.00"
"Tropicool 15 Litres Frost Free Car Single Door Freezer with Solar Compatible (TFF15, Grey)","₹ 20,990.00"
"Croma 274 Litres 3 Star Frost Free Double Door Convertible Refrigerator with Inverter Technology (CRLR274FID276254, Black Uniglass)","₹ 28,990.00"
"Whirlpool VMPRO 192 Litres 3 Star Direct Cool Single Door Refrigerator with Zeolite Technology (73131, Grey)","₹ 15,990.00"
"Croma 8 kg 5 Star Fully Automatic Top Load Washing Machine (CRLW080FAF202302, Pulsator Wash Technology, Inox Grey)","₹ 18,990.00"
"Crompton Premion Aura2 Designer 1 Star 1200mm 3 Blade Copper Motor Ceiling Fan (Duratech Technology, Rose Gold)","₹ 3,599.00"
"BERGMANN Tornado 60W Car Vacuum Cleaner with Built-in LED Light (Strong Suction Power, Blue)",₹ 990.00
"ultraprolink 2.4 Amps 4 Sockets Surge Protector (2 Meters, Child-Proof, UM1049U, White)",₹ 924.00
"Haier 265 Litres 2 Star Frost Free Double Door Bottom Mount Convertible Refrigerator with Vegetable Case (HRB-3152BGK-P, Graphite Black)","₹ 30,990.00"
"Croma 10 kg 5 Star Semi Automatic Washing Machine with Dual Waterfall Mechanism (CRLW100SMF231001, Dark Grey)","₹ 15,990.00"
"Crompton Mountair New 6 Inch 150mm Exhaust Fan (Silent Operation, Wooden)","₹ 1,399.00"
"Yale RB Smart Lock For Private Space (Fingerprint Scanner, YDM 7116A, Red Bronze)","₹ 44,544.00"
"Racold Omnis Wi-Fi 25 Litres 5 Star Storage Water Geyser (2000 Watts, Black/Grey)","₹ 15,499.00"
"Croma 1200 Watts 180ml Steam Iron (Non Stick Teflon Coating, CRSH12WIRA249401, Blue)",₹ 599.00
"belkin 1.5M 3 Outlet Surge Protector (F9E300ZB, Grey)","₹ 1,149.00"
"PHILIPS 1000 Watts Dry Iron (Thermostat Controlled, GC181, Black)","₹ 1,599.00"
"BAJAJ MX3 Neo 1250 Watts 180ml Steam Iron (Swivel Cord, 440508, Blue & White)","₹ 1,299.00"
"Yale 16.7 Litres Digital & Manual Safety Locker (1 Shelve, YSS/250/DB2, Black)","₹ 5,499.00"
"Croma 9 kg 5 Star Fully Automatic Front Load Washing Machine (CRLW090FLF316253, 16 Wash Programs, Polar Blue)","₹ 33,990.00"
Racold CDR DLX 10 Litres 3 Star Horizontal Storage Geyser with LHS Water Inlet (White),"₹ 7,115.00"
"USHA Racer Chrome 1 Star 1200mm 3 Blade Copper Motor Ceiling Fan (Low Voltage, Smoke Brown)","₹ 2,449.00"
"Lifelong Flash 3 Litres Instant Water Geyser (3000 Watts, LLWH106, White)","₹ 2,280.00"
"zunpulse 15 Watts Light Strip (5 Meter, 8 Preset Modes, ZUNSl, White)",₹ 914.00
"Whirlpool 8.5 kg 5 Star Semi Automatic Washing Machine with 3D Lint Filter (Hydrowash Premier, 30341, Silver Mint)","₹ 14,990.00"
"SAMSUNG 215 Litres 5 Star Direct Cool Single Door Refrigerator with Anti Bacterial Gasket (RR23D2H359UHL, Paradise Bloom Blue)","₹ 19,990.00"
"SAMSUNG 223 Litres 3 Star Direct Cool Single Door Refrigerator with Base Stand (RR24C2823CU/NL, Camellia Blue)","₹ 21,300.00"
"SAMSUNG 322 Litres 2 Star Frost Free Double Door Convertible Refrigerator with Twin Cooling Plus Technology (RT37C4522S8/HL, Elegant Inox)","₹ 36,990.00"
"IFB 9 kg 5 Star Wi-Fi Inverter Fully Automatic Front Load Washing Machine (DeepClean, EXECUTIVE BXN 9014K, In-built Heater, Black)","₹ 46,400.00"
"LG 6 in 1 Convertible 1.5 Ton 5 Star Dual Inverter Split Smart AC with 4 Way Swing (2024 Model, Copper Condenser, TS-Q19AWZE.AMLG)","₹ 49,990.00"
"HAVELLS Hestio 13 Wave fin 2900 Watts PTC Fan Oil Filled Room Heater (Multi Directional Heating, GHROFCLN290, Dark Slate Cyan Grey)","₹ 14,133.00"
"Yale 24.7 Litres Digital Safety Locker (1 Shelve, YLS/200/DB2, Black)","₹ 8,299.00"
"LG 185 Litres 3 Star Direct Cool Single Door Refrigerator with Antibacterial Gasket (GL-D201ABCD.BBCZEB, Blue Charm)","₹ 17,999.00"
"Croma 6 Amps 5 Sockets Surge Protector (2 Meters, Child Safety Shutters, CRSP5WYSPA266203, White)","₹ 1,499.00"
"SAMSUNG 653 Litres 3 Star Side by Side Refrigerator with AI Energy Mode (RS76CG8113B1HL, Black DOI)","₹ 1,03,300.00"
"SAMSUNG 419 Litres 2 Star Frost Free Double Door Smart Wifi Enabled Refrigerator with AI Energy Mode (RT45DG6A2BSLHL, Real Stainless)","₹ 56,690.00"
"Whirlpool 7.5Kg 5 Star Semi- Automatic Washing Machine with In-Built Scrubber (Ace Turbo Dry, 30233, Grey Dazzle)","₹ 12,490.00"
"Haier 712 Litres A++ Frost Free French Door Refrigerator with Multi Air Flow System (HRB-738BG, Black Glass)","₹ 1,32,990.00"
"Croma 1000 Watts Dry Iron (Weilburger Dual Coat Soleplate, AV4413, Blue)",₹ 699.00
"VOLTAS SAC 185V Vectra Eden 1.5 Ton 5 Star Inverter Split AC (2023 Model, Copper Condenser, Dust Filter)","₹ 43,990.00"
"SAMSUNG 9 kg 5 Star Fully Automatic Top Load Washing Machine (WA90BG4582BDTL, In-built Heater, Dark Gray)","₹ 29,000.00"
"Godrej CRYSTAL 272 Litres 2 Star Frost Free Double Door Refrigerator with Anti Bacteria Technology (RT EONCRYSTAL 310B RI OB, Black Glass)","₹ 29,490.00"
"GM Eco Air 200mm Exhaust Fan (Low Noise Operation, Brown)","₹ 1,149.00"
"SAMSUNG 236 Litres 3 Star Frost Free Double Door Convertible Refrigerator with Anti Bacterial Gasket (RT28C3733BXHL, Luxe Black)","₹ 31,990.00"
"Haier Clean Cool 7 in 1 Convertible 1 Ton 3 Star Triple Inverter Split AC with Antimicrobial Protection (2024 Model, Copper Condenser, HSU13C-TQS3BN-INV)","₹ 33,990.00"
"acer 7 kg 5 Star Fully Automatic Top Load Washing Machine (Quad Wash, AR70FATLP1EC, AiSense, Grey)","₹ 13,990.00"
"Croma Cover for Front Load 7 to 9 kg Washing Machines (Scratch resistant, CRLTFLCKAA286301, Grey)",₹ 799.00
"iGear 18 Watts LED Table Lamp (Eyesight Protection, iG-1075, Silver)","₹ 3,175.00"
"BAJAJ Maestro 25 Liters 5 Star Storage Water Heater (2000 Watts, 150899, White/Brown)","₹ 11,300.00"
"HAVELLS Magnatron 25 Litres 4 Star Storage Water Geyser (2000 Watts, GHWAMNTWH025, White Champagne Gold)","₹ 15,999.00"
"Blue Star 5 in 1 Convertible 1.5 Ton 5 Star Inverter Split Smart AC with DigiQ Penta Sensor (Copper Condenser, IC518NNURS)","₹ 45,990.00"
"Godrej EONVELVET 564 Litres Frost Free Side By Side Refrigerator with Multi Air Flow Technology (RS EONVELVET 579 RFD GL BK, Black Glass)","₹ 61,990.00"
Whirlpool Intellifresh Pro 375 327 Litres 2 Star Frost Free Double Door Convertible Refrigerator with 6th Sense Technology (Grey),"₹ 35,990.00"
"Croma 4 in 1 Convertible 1 Ton 3 Star Inverter Split AC with Dust Filter (2024 Model, Copper Condenser, CRLA012IND283256)","₹ 31,490.00"
"Godrej REGALIS 436 Litres 2 Star Frost Free Double Door Convertible Refrigerator with Anti Bacteria Technology (RT EONREGALIS 477B RCI MT BK, Matt Black)","₹ 45,990.00"
"Godrej ALPHA 238 Litres 3 Star Frost Free Double Door Refrigerator with Anti Bacteria Technology (RT EON ALPHA 270C RI ST GL, Steel Glow)","₹ 23,490.00"
"BOSCH Series 4 334 Litres 3 Star Frost Free Double Door Convertible Refrigerator with Temperature Display (CTC35S031I, Sparkly Steel)","₹ 41,490.00"
"SAMSUNG 7 Kg 5 Star Wi-Fi Inverter Fully Automatic Top Load Washing Machine (WA70BG4582BYTL, Ecobubble Technology, Lavender Grey)","₹ 22,490.00"
"Haier 8 kg 5 Star Semi Automatic Washing Machine with Anti Bacterial Vortex Pulsator (178, HTW80-178, Burgundy with Flower)","₹ 14,700.00"
"atomberg Efficio 8 Inch 200mm Exhaust Fan with BLDC Motor (Silent Operation, White)","₹ 2,380.00"
"Croma 10 Litres 5 Star Storage Water Geyser (2000 Watts, CRLH10LGYF254206, White)","₹ 7,499.00"
"Crompton Hyperjet Plus 5 Star 1200mm 3 Blade BLDC Motor Ceiling Fan with Remote (Inverter Technology, Dark Cherry Wood)","₹ 3,499.00"
"Haier 628 Litres Frost Free Side by Side Refrigerator with Magic Cooling Technology (HRT-683KG, Black Glass)","₹ 93,990.00"
"morphy richards Desira Coral 1000 Watts Dry Iron (Thermostat Control, 500074, Pink)",₹ 899.00
"Electrolux 9 Kg 5 Star Fully Automatic Front Load Washing Machine (UltimateCare 500, EWF9024R5WB, UltraMix Technology, White)","₹ 46,990.00"
"LG WashTower 13 kg/10 kg Fully Automatic Front Load Washer Dryer Combo (AI Direct Drive, FWT1310BG.ABGQEIL, Green and Beige)","₹ 1,79,990.00"
"PHILIPS STE1040/20 1800 Watts 1800ml Garment Stand Steamer (3 Modes, Integrated Styleboard, Aqua Blue)","₹ 7,999.00"
Racold CDR DLX 10 Litres 5 Star Vertical Storage Geyser (White & Grey Dome),"₹ 6,685.00"
"Midea Santis Pro Plus Deluxe 4 in 1 Convertible 1 Ton 3 Star Inverter Split AC with Auto Cleanser (Copper Condenser, MAI12SP3R33F0)","₹ 27,990.00"
"Croma AZ75 75 Litres Desert Air Cooler with Inverter Compatible (Evaporative Cooling Technology, White & Black)","₹ 10,999.00"
"Croma 1.5 Ton 2 Star Split AC (2024 Model, Copper Condenser, Dust Filter, CRLA018SAC283204)","₹ 32,990.00"
"LG 7 kg 5 Star Inverter Fully Automatic Top Load Washing Machine (T70AJMB1Z.ABMQEIL, Stainless Steel Tub, Middle Black)","₹ 22,490.00"
"BOSCH 10.5/6 kg 5 Star Fully Automatic Front Load Washer Dryer(Series 6, WNA2E4U1IN, In-built Heater, Grey)","₹ 69,990.00"
"Croma Heavy Weight 1000 Watts Dry Iron (Weilburger Dual Coat Soleplate, AV4414, Turquoise)","₹ 1,099.00"
"LG 446 Litres 1 Star Frost Free Double Door Convertible Refrigerator with Smart Diagnosis (GL-T502CPZR, Shiny Steel)","₹ 52,990.00"
"Haier 205 Litres 3 Star Direct Cool Single Door Refrigerator with Anti Fungal Gasket (HRD-2263PMR-N, Marine Rose)","₹ 17,290.00"
"Crompton Jura Prime 1 Star 1200mm 3 Blade Copper Motor Ceiling Fan (Inverter Technology, Conch Cream)","₹ 2,849.00"
"TOSHIBA 349 Litres 2 Star Frost Free Double Door Bottom Mount Refrigerator with Pure BIO Deodorizer (GR-RB423WE-PMI(37), Satin Grey)","₹ 34,994.00"
"Haier 10.5/7 kg 5 Star Fully Automatic Front Load Washer Dryer(HWD105-B14959S8U1, Direct Motion Motor, Dark Jade Silver)","₹ 64,990.00"
"Croma 1 Ton 3 Star Fixed Speed Window AC (2024 Model, Copper Condenser, Dust Filter, CRLA012WAD193305)","₹ 27,490.00"
"Panasonic HU 7 in 1 Convertible 1 Ton 5 Star Inverter Split Smart AC with Anti Dust Filter (2024 Model, Copper Condenser, CS/CU-HU12AKYF)","₹ 45,990.00"
"Haier 8 kg Fully Automatic Front Load Washing Machine (HW80-DM14959CS6U1, Direct Motion Motor, Starry Silver)","₹ 40,100.00"
"PHILIPS PerfectCare 2400 Watt Steam Iron (OptimalTEMP Technology, GC3920/24, Blue)","₹ 8,399.00"
"SAMSUNG 215 Litres 4 Star Direct Cool Single Door Refrigerator with Anti Bacterial Gasket (RR23D2F349R/HL, Paradise Bloom Purple)","₹ 20,490.00"
"TOSHIBA 9 kg 5 Star Fully Automatic Front Load Washing Machine (TW-BJ100M4-IND(SK), In-Built Heater, Silver)","₹ 32,490.00"
"LG 6 in 1 Convertible 1.5 Ton 5 Star Dual Inverter Split AC with 4-Way Swing (2024 Model, Copper Condenser, TS-Q19HNZE.AMLG)","₹ 45,490.00"
"V-GUARD 8 Amps Voltage Stabilizer For Washing Machine and Microwave Oven (160 - 270V Input Range, Thermal Overload Protection, VMSD 300, White)","₹ 2,416.00"
"BAJAJ 2000 Watts 210ml Steam Iron (Anti Drip and Anti Scale Technology, MX35N, Black)","₹ 2,290.00"
"Godrej 1.5 Ton 5 Star Inverter Split AC (Copper Condenser, Anti Dust Filter, SIC 18ITC5 WWR)","₹ 36,990.00"
"dyson V8 Absolute 115AW Cordless Dry Vacuum Cleaner with De-tangling Technology (Acoustic Control, Grey)","₹ 28,899.00"
"LG 412 Litres 1 Star Frost Free Double Door Convertible Refrigerator with Smart Inverter Compressor (GL-T432APZR.DPZZEB, Shiny Steel)","₹ 38,490.00"
Whirlpool Intellifresh Platina 515 467 Litres 2 Star Frost Free Double Door Convertible Refrigerator with 6th Sense Technology (Grey),"₹ 54,490.00"
"Croma 5 in 1 Convertible 1.5 Ton 3 Star Hot and Cold Split AC with PM 2.5 Filter (2024 Model, Copper Condenser, CRLAH18IND170266)","₹ 41,990.00"
"Qubo Wireless Video Door Bell (Person Detection, HCD01, Black)","₹ 6,990.00"
"Electrolux 8 Kg 5 Star Fully Automatic Front Load Washing Machine (UltimateCare 500, EWF8024R5WB, UltraMix Technology, White)","₹ 42,990.00"
"Honeywell Air Touch U1 Air Purifier (4-Stage Air Filtration, HC000022APU1, White)","₹ 23,999.00"
"EUREKA FORBES Supreme 350W Cordless Dry Vacuum Cleaner with Cyclonic Technology (Easy & Hygienic Dust Disposal, Orange & Black)","₹ 14,999.00"
Whirlpool Intellifresh Pro 308 Litres 2 Star Frost Free Double Door Convertible Refrigerator with 6th Sense Technology (Grey),"₹ 33,990.00"
"Haier 237 Litres 2 Star Frost Free Double Door Bottom Mount Convertible Refrigerator with Vegetable Case (HRB-2872BGB-P, GE Black)","₹ 26,990.00"
"Racold Omnis RS 25 Litres 5 Star Storage Water Geyser (2000 Watts, 3180842, White)","₹ 10,799.00"
"Crompton Surebreeze Super Briz Deco 1 Star 1200mm 3 Blade Copper Motor Ceiling Fan (Rust Proof, Smoked Brown)","₹ 1,899.00"
"Haier 602 Litres 3 Star Frost Free Side By Side Door Smart Wifi Enabled Refrigerator with Deo Fresh Technology (HRS-682GKU1, Graphite Black)","₹ 74,890.00"
"Haier 10.5 kg Fully Automatic Top Load Washing Machine (HWM105-826S6, Oceanus Wave Drum, Starry Silver)","₹ 26,990.00"
"atomberg Renesa Smart Plus 5 Star 1200mm 3 Blade BLDC Motor Smart Ceiling Fan with Remote (Alexa & Google Assistant, Golden Oakwood)","₹ 5,499.00"
"Croma AZ90 90 Litres Desert Air Cooler with Inverter Compatible (Evaporative Cooling Technology, White & Black)","₹ 11,999.00"
"Croma 5 in 1 Convertible 1 Ton 3 Star Inverter Split AC with Anti-Dust Filter (Copper Condenser, CRLA012IND255951)","₹ 30,490.00"
"SAMSUNG 236 Litres 2 Star Frost Free Double Door Refrigerator with Digital Inverter Technology (RT28C3122CU/HL, Camellia Blue)","₹ 28,500.00"
Crompton Solarium Care 6 Litre 5 Star Vertical Storage Geyser with Hygiene Mode (White),"₹ 7,190.00"
"Croma 5 in 1 Convertible 1.5 Ton 5 Star Inverter Split AC with Dust Filter (2024 Model, Copper Condenser, CRLA018INF170269)","₹ 41,990.00"
"SAMSUNG 653 Litres 3 Star Frost Free Side by Side Door Smart Wifi Enabled Refrigerator with Twin Cooling Plus Technology (RS76CB81A312HL, Clean White)","₹ 1,22,900.00"
"SAMSUNG 530 Litres 1 Star Frost Free Double Door Refrigerator with Twin Cooling Plus Technology (RT56C637SSL/TL, Clean Steel)","₹ 74,590.00"
"USHA Aqua Swirl 15 Litres 5 Star Storage Water Geyser (2000 Watts, 4687AS15AX159N, Ivory Wine)","₹ 8,599.00"
"GM Eco Air 200mm Exhaust Fan (Low Noise Operation, Ivory)","₹ 1,500.00"
"Croma 4 in 1 Convertible 1.5 Ton 5 Star Inverter Split AC with Dust Filter (2024 Model, Copper Condenser, CRLA018INF283261)","₹ 41,990.00"
Racold CDR DLX 15 Litres 4 Star Horizontal Storage Geyser With RHS Water Inlet (White & Grey Dome),"₹ 8,898.00"
"VOLTAS beko 626 Litres Frost Free Side by Side Refrigerator with Neo Frost Dual Cooling (RSB64GF, Glass Black)","₹ 74,990.00"
"SAMSUNG 183 Litres 2 Star Direct Cool Single Door Refrigerator with Base Drawer (RR20C2Z226U/NL, Mystic Overlay Blue)","₹ 14,894.00"
"Crompton Energion Cromair Plus 1200mm 3 Blade BLDC Motor Ceiling Fan (Inverter Technology, Satin Sand)","₹ 4,499.00"
"Haier 9 kg Fully Automatic Front Load Washing Machine (HW90-DM14959CS8U1, Direct Motion Motor, Dark Jade Silver)","₹ 42,700.00"
"MILAGROW 24 Watts Robotic Vacuum Cleaner (0.6 Litres Tank, Red Hawk-21, Red)","₹ 11,444.00"
Racold CDR DLX 15 Litres 5 Star Vertical Storage Geyser (White),"₹ 8,400.00"
"HAVELLS Bianca 10 Litres 5 Star Storage Water Geyser (2000 Watts, GHWCBNTWH010, White and Blue)","₹ 11,700.00"
"AO Smith 15 Litres 3 Star Storage Water Geyser (2000 Watts, Elegance Slim-015-RHS, White)","₹ 9,850.00"
"Russell Hobbs 2000 Watts Fan Room Heater (RFH21VH, Grey)","₹ 1,990.00"
"LLOYD 8 kg 5 Star Semi Automatic Washing Machine with 3 Wash Programs (GLWMS80AVGEL, Grey)","₹ 13,490.00"
"Godrej 1.5 Ton 3 Star Inverter Window AC (Copper Condenser, Anti Dust Filter, WIC18UTC3WWA)","₹ 31,990.00"
"AO Smith Xpress 15 Litres 5 Star Storage Water Geyser (3000 Watts, EDSV025CMC6T1X0, White)","₹ 12,990.00"
"PHILIPS 2400 Watts 1300ml Steam Iron (Scratch Resistant Soleplate, GC6815/20, Blue/White)","₹ 9,994.00"
"Carrier Durawhite Pro+ Exi 6 in 1 Convertible 1 Ton 3 Star Inverter Split AC with Auto Cleanser (2024 Model, Copper Condenser, CAI12DR3R33F0)","₹ 31,490.00"
"Racold Pronto Stylo 3 Litres Instant Water Geyser (3000 Watts, Golden & Grey)","₹ 3,499.00"
"SAMSUNG 301 Litres 3 Star Frost Free Double Door Convertible Refrigerator with Fruit Drawer (RT34C4523BXHL, Luxe Black)","₹ 39,990.00"
"V-GUARD Crystal 150 Prime 4 Amps Voltage Stabilizer For 203cm (80"") TV + 1 SetTop Box + 1 Home Theatre (90 - 290 V, Digital Display, Black)","₹ 4,299.00"
"BAJAJ Maestro 10 Liters 5 Star Storage Water Heater (2000 Watts, 150897, White/Brown)","₹ 8,900.00"
"Crompton Mountair New 6 Inch 150mm Exhaust Fan (Silent Operation, White)","₹ 1,225.00"
"Croma 5 in 1 Convertible 1.2 Ton 3 Star Inverter Split AC with Dust Filter (Copper Condenser, CRLA014IND170267)","₹ 32,490.00"
"SAMSUNG 419 Litres 3 Star Frost Free Double Door Smart Wifi Enabled Refrigerator with AI Energy Mode (RT45DG6A4DBXHL, Luxe Black)","₹ 59,190.00"
"Godrej 7 kg 5 Star Fully Automatic Top Load Washing Machine (Velvet, WTEON VLVT 70 5.0 FDTN2MTBK, Auto Resume, Metallic Black)","₹ 18,500.00"
"Panasonic XU 7 in 1 Convertible 1.5 Ton 5 Star Inverter Split Smart AC with Temperature Sensors (Copper Condenser, CS/CU-XU18AKYF)","₹ 48,990.00"
"Fabiano 1200 Watts 200ml Steam Iron (Thermostatic Controller, FABSIHAZE, White and Blue)",₹ 799.00
"TOSHIBA 7 kg 5 Star Fully Automatic Top Load Washing Machine (AW-K801A-IND(SG), Memory Function, Silver)","₹ 18,990.00"
"Croma CRSH2KWVCA017704 2000 W Dry Vacuum Cleaner with Hepa Filter (Bagged Dust Collection, Grey)","₹ 9,999.00"
"Panasonic 7 kg 5 Star Wi-Fi Fully Automatic Top Load Washing Machine (V11, NA-F70V11PRB, 15 Wash Programs, Jet Black)","₹ 23,490.00"
"White Westinghouse 7 kg Semi Automatic Washing Machine with Pulsator Washing Technique (SFW7000, Burgundy)","₹ 7,490.00"
"Whirlpool VMPRO 192 Litres 3 Star Direct Cool Single Door Refrigerator with Zeolite Technology (73132, Grey)","₹ 18,990.00"
"BAJAJ Air Light 85mm 7 Blade Rechargeable Personal Fan with 1800 mAh Battery (Silent Operation, White)","₹ 1,059.00"
"SAMSUNG 301 Litres 2 Star Frost Free Double Door Convertible Refrigerator with Deodorizing Filter (RT34C4522BX/HL, Luxe Black)","₹ 38,490.00"
"HAVELLS Hawk 1100 Watts Dry Iron (Non Stick Coated Soleplate, GHGDIBZB110, Blue and White)","₹ 1,148.00"
"PHILIPS 1000 Watts 120ml Garment Steamer (2 Mode, Compact & Foldable, STH3020/70, Green)","₹ 3,999.00"
